<?xml version="1.0" encoding="UTF-8"?>
<metadata xml:lang="en"><Esri><CreaDate>20170531</CreaDate><CreaTime>11293700</CreaTime><ArcGISFormat>1.0</ArcGISFormat><ArcGISstyle>XTools Pro Metadata</ArcGISstyle><SyncOnce>TRUE</SyncOnce><DataProperties><itemProps><itemLocation><linkage Sync="TRUE">file://\\DOT-MJ02FXT3\C$\Users\pdrew2\Desktop\zip\Parking_Regulation_Shapefile\Parking_Regulation_Shapefile</linkage><protocol Sync="TRUE">Local Area Network</protocol></itemLocation></itemProps><copyHistory><copy source="G:\PROJECTS\Parking gdb\Teresa_2017_May16\ParkingRegulations_wgs84_05_262017\Parking_Regulation_Shapefile" dest="\\DOT-MJ02FXT3\C$\Users\pdrew2\Desktop\zip\Parking_Regulation_Shapefile\Parking_Regulation_Shapefile" date="20170531" time="11293700"></copy></copyHistory></DataProperties></Esri></metadata>
